,M01 - Sistemi e rappresentazione (1 CFU),M02 - Problem solving e pensiero algoritmico (1 CFU),M03 - Programmazione procedurale core (2 CFU),"M04 - Modularita, ricorsione e I/O (2 CFU)","M05 - Memoria, puntatori e runtime (1 CFU)",M06 - Strutture dati e algoritmi base (2 CFU),M07 - Strutture dati e algoritmi estesi (2 CFU),M08 - OOP core (2 CFU),"M09 - OOP avanzata, design e qualita (2 CFU)","M10 - GUI, eventi e concorrenza (2 CFU)",M11 - Principi dei linguaggi e runtime (2 CFU),"M12 - Formali, parsing e compilazione (3 CFU)",M13 - Paradigmi e sistemi di tipo avanzati (3 CFU),"M14 - Calcolo scientifico, numerico e dati (2 CFU)",M15 - Modello relazionale e SQL (3 CFU),"M16 - Laboratorio, progetto o contesto locale (1 CFU)"
Principles of Informatics (09730),1,1,2,2,0,0,0,0,0,0,0,0,0,0,0,0
Principles of Informatics (9730-A),0,1,2,0,0,0,0,0,0,0,0,0,0,2,0,1
Foundations of Informatics A (15305),1,1,2,2,0,0,0,0,0,0,0,0,0,0,0,0
Foundations of Informatics T-1 (28004),1,1,2,2,0,0,0,2,0,0,0,0,0,0,0,1
Foundations of Informatics and Laboratory (28623),1,1,2,2,1,2,0,0,0,0,0,0,0,2,0,1
Informatics (60348),1,0,2,2,0,2,0,0,0,0,0,0,0,2,0,1
Elements of Informatics (89988),0,1,2,0,0,0,0,0,0,0,0,0,0,2,0,1
Foundations of Computer Science T (93034),1,1,2,2,1,2,2,0,0,0,0,0,0,0,0,1
Foundations of Computer Science T (93034-A),0,1,2,0,0,0,0,0,0,0,0,0,0,2,0,1
INFORMATICA (B8159),0,0,2,0,0,0,0,0,0,0,0,0,0,2,3,1
Programming - Java (00819@523706),1,1,2,2,0,2,0,0,0,0,0,0,0,0,0,1
Programming - C++ (00819@524297),1,1,2,2,1,2,0,2,0,0,0,0,0,0,0,1
Programming - C (00819-A),0,1,2,2,1,2,0,0,0,0,0,0,0,0,0,1
Programming (00819-B),1,1,2,2,1,2,2,0,0,0,0,0,0,0,0,1
Programming Laboratory (16870),0,1,2,0,0,0,0,2,0,0,0,0,0,0,0,1
Object-Oriented Programming (70219),0,0,0,2,1,2,0,2,2,2,0,0,0,0,0,1
Complements of Programming Languages (72671),0,0,0,0,0,0,0,0,0,0,2,3,0,0,0,1
Emerging Programming Paradigms (81672),0,0,0,0,0,0,0,0,0,0,2,0,3,0,0,1
Software Design and Development (95648),0,0,0,2,0,0,0,2,2,2,0,0,0,0,0,1
SISTEMI SOFTWARE A OGGETTI T (B8554),0,0,0,0,1,2,2,2,2,2,0,0,0,0,0,1
Programming Languages (04138),0,1,0,2,1,0,0,0,0,0,2,3,3,0,0,0
Laboratory of Informatics (16692),0,0,0,2,0,0,0,0,0,0,0,0,0,0,0,1
Foundations of Informatics T (29227),1,1,2,2,0,2,0,0,0,0,0,0,0,0,0,1
Foundations of Informatics T (29227-A),0,0,2,0,0,0,0,2,0,0,0,0,0,2,0,0
Foundations of Informatics T (29227-B),0,0,2,0,0,0,0,2,0,0,0,0,0,2,0,0
Fundamentals of Computer Programming P1 (88145),0,0,2,0,0,0,0,0,0,0,0,0,0,0,0,1
