course_id,course_path,course_sha256,course_title,cluster,cluster_name,is_noise,similarity_to_medoid
00819-A,data/courses/.files/2025/course-00819-A.yml,371d715e8c0ad2dee7d7b87a5d0249bd69f0b4591a5ecf729f219133c28c4259,Programming,5,Informatics Principles Foundations (5),False,0.72670766
00819-B,data/courses/.files/2025/course-00819-B.yml,a1a0cf7e8002c3245d3782c87c53b52776b2e7f3e6b40fd236eebf090ba4745f,Programming,5,Informatics Principles Foundations (5),False,0.79847889
00819,data/courses/.files/2025/course-00819.yml,0f705b5492252386cff969a4bd49924c038c87b2a9f9515f515319f667b74671,Programming,5,Informatics Principles Foundations (5),False,0.71021357
03716,data/courses/.files/2025/course-03716.yml,a3e0910a9970c88eb7fe464a34bb494b1faa1bffbb1e94831629dd2e95e4afae,Digital Design Principles and Computer Architecture,12,Architecture Computer Operating (12),False,0.72794319
04138,data/courses/.files/2025/course-04138.yml,84d707bab441129b9a89e4cb0a14e0e2bd74ce7dfaf76bcd16170b8d6757760e,Programming Languages,20,Languages Programming (20),False,1.00000000
07276-A,data/courses/.files/2025/course-07276-A.yml,3a504e508e4cb054216c3cb1773dce586a0e411b6092cd0a3fcc305eb34d279d,Computer Science,5,Informatics Principles Foundations (5),False,0.73591173
07276-B,data/courses/.files/2025/course-07276-B.yml,a2e96fc8e4521772e2d53f038d9f77f7157649edc44451c105fd2245dc61bfcc,Computer Science,3,Informatics Informatic Humanities (3),False,0.70173299
07276-C,data/courses/.files/2025/course-07276-C.yml,87d6696181ba54df5819794ead11aa5c9437282d38aab4249d432da359b0686a,Computer Science,3,Informatics Informatic Humanities (3),False,0.69049560
07276,data/courses/.files/2025/course-07276.yml,8cb806d2d7ebefa455e6479db8f0a198236e7b9871ec0e22629be60a74ad6eff,Computer Science,12,Architecture Computer Operating (12),False,0.70023223
08574-A,data/courses/.files/2025/course-08574-A.yml,19a2ad9e422fb36be94d2a51d9db299ade3f39d8fd05b2086b82d7406351b4f0,Operating Systems,12,Architecture Computer Operating (12),False,0.72447536
08574-B,data/courses/.files/2025/course-08574-B.yml,5f3fb07637470e12bb4ecdd1e9d2663b794ca412cb143edbee9e85eb2cef8bd2,Operating Systems,12,Architecture Computer Operating (12),False,0.65419637
08574,data/courses/.files/2025/course-08574.yml,5157f1e295b8db9ae8e13741374e1639cee97dffce8418048792ca88a5f615f0,Operating Systems,12,Architecture Computer Operating (12),False,0.77110775
09032,data/courses/.files/2025/course-09032.yml,74a549b4f58b54b632ca99e1f40b5c823d08cc5f0781e34f410aca4f8f4d8bb0,Software Engineering,11,Software Engineering Advanced (11),False,1.00000000
09679,data/courses/.files/2025/course-09679.yml,24cb2877b8698a8b76d015c7dcfbb9c6f4443dfd5dd9b31ca3068097235da58d,Data Base Sistems,6,Bases Data Database (6),False,0.74092374
09730-A,data/courses/.files/2025/course-09730-A.yml,169afb8dd13728d1000ca5cd4ca172cbcfe581659891eb3cf91af71b55f6d335,Principles of Informatics,5,Informatics Principles Foundations (5),False,0.85487261
09730,data/courses/.files/2025/course-09730.yml,f8e98469ffeff98cc932356f14fc226936400210e0a2f375e8c19cfef03e29d6,Principles of Informatics,5,Informatics Principles Foundations (5),False,1.00000000
10906-A,data/courses/.files/2025/course-10906-A.yml,b1ccbae70c6819a7f2270f246bcd6d775de93f59d5ff5b5d452d6dfbcac1b2c3,Databases,6,Bases Data Database (6),False,0.70712384
10906,data/courses/.files/2025/course-10906.yml,1c1de02c9a27fecf2b3a24d8f63178ea1a430be29ffa40d76c6958c8ac14a63f,Databases,6,Bases Data Database (6),False,0.79862316
11925,data/courses/.files/2025/course-11925.yml,eeca614f6fd7e8b7accf66a0356b00e70d52d0036e0b69eb0b1c237b4c1308d7,Computer Architecture,12,Architecture Computer Operating (12),False,0.76548277
11929-A,data/courses/.files/2025/course-11929-A.yml,bbf9648648dfc5f9f450b45d14a6e55ff4c9c24cc6bd93f57aab991a452d67b7,Algorithms and Data Structures,5,Informatics Principles Foundations (5),False,0.73724586
11929-B,data/courses/.files/2025/course-11929-B.yml,6b1d80c82aee7a6784b4509f522a5f406a8be2917db2d0a7df5713a328225147,Algorithm and Data Structures,5,Informatics Principles Foundations (5),False,0.74906335
11929,data/courses/.files/2025/course-11929.yml,282fef9fa15fe70268ae2abc1678256773423307de23a271c1ee723726a12729,Algorithms and Data Structures,5,Informatics Principles Foundations (5),False,0.60257242
11933,data/courses/.files/2025/course-11933.yml,0919157c3c7fa4a5cc7a66c11925c4391266e0f7289a994ee52764184d716bc5,Theoretical Computer Science,5,Informatics Principles Foundations (5),False,0.71248644
14015,data/courses/.files/2025/course-14015.yml,1ae9672840f48436a946437d11a60848f2d7d97c2593d4b9d63bc8f70ae4152b,Cryptography,22,Security Information Cryptography (22),False,0.67450409
15305,data/courses/.files/2025/course-15305.yml,2fd95491c17f442df01617b5b75aff2d9d0731f1505425eefa57a74e5848ee55,Foundations of Informatics A,5,Informatics Principles Foundations (5),False,0.98862432
15920,data/courses/.files/2025/course-15920.yml,8ad92642ce7475e6b11ef0cb7563bd5e26f37849b25bbcef11542334df153277,Computer Lab,3,Informatics Informatic Humanities (3),False,0.66902414
16692,data/courses/.files/2025/course-16692.yml,8f6740def7fea64291fc59a23b62533ace900dce194a338ef860f1efa68fefe0,Laboratory of Informatics,5,Informatics Principles Foundations (5),False,0.80611359
16870,data/courses/.files/2025/course-16870.yml,9ed187576102ce628ce523bfef88904a627dbee7f2a4b5076726d4c0f4cc728f,Programming Laboratory,11,Software Engineering Advanced (11),False,0.65120233
17628,data/courses/.files/2025/course-17628.yml,4625285fc28ff09c7e49a339e9b4225bff7250ce7ba2cea76586a5c2955ac554,Concurrent and Distributed Programming,18,Programming Concurrent Distributed (18),False,1.00000000
17634,data/courses/.files/2025/course-17634.yml,09a2d8341265ab4e0b9b502ddcef8518ed7e1a7473a6064487d6586c53ae6bcc,Computer Vision,10,Computer Vision Image (10),False,0.77445561
20741,data/courses/.files/2025/course-20741.yml,ae5bf7f18e5434f6af56355103292894de8d0c7e1fcf0b32667fa374190a8e68,Information Processing Systems,3,Informatics Informatic Humanities (3),False,0.64861623
27311-A,data/courses/.files/2025/course-27311-A.yml,f8c719917e4202d6d3e4fb9cb25818fb15f87e2a12ca3ae70c2ccc25543fc61b,Humanistic IT,13,Cultural Heritage Data (13),False,0.68468530
27311,data/courses/.files/2025/course-27311.yml,3241dfd09332c82beed5ad1fe865f37c0df83df8dacaf862bc629bf87f307287,Humanistic IT,13,Cultural Heritage Data (13),False,0.70910512
28004,data/courses/.files/2025/course-28004.yml,53ed293ea5e91d074b256d60efea81bed9e29c923c913f51789116c8823f5519,Foundations of Informatics T-1,12,Architecture Computer Operating (12),False,0.66581006
28011-A,data/courses/.files/2025/course-28011-A.yml,0d5b6e4c91ba07c098daaf25404bb7aa1696bb5d305c2dad9c206b41678cc1e9,Logic Design T,5,Informatics Principles Foundations (5),False,0.64240550
28011,data/courses/.files/2025/course-28011.yml,320e9026b32d1bceec9472dd05bf08feba91aab0d55a7f9188432fbb26be58d5,Logic Design T,5,Informatics Principles Foundations (5),False,0.66741226
28012-A,data/courses/.files/2025/course-28012-A.yml,5d97be3056c77c0513f67bbb7296db695fc59c8c97ad977956555df9507bdb87,Electronic Calculators T,12,Architecture Computer Operating (12),False,0.57274628
28012,data/courses/.files/2025/course-28012.yml,918dfc715ae3fd9558c4714a0dfbda49ae83450750597a7c159c092db0d7a565,Electronic Calculators T,12,Architecture Computer Operating (12),False,0.67854392
28020,data/courses/.files/2025/course-28020.yml,82c7c9275ea245eaab56a5ac797ea6f458964275a8b8c3d966019050b94bc79d,Operating Systems T,12,Architecture Computer Operating (12),False,0.63147842
28021,data/courses/.files/2025/course-28021.yml,7efd3e6669e06c9d4fd61165ae0c66bc4af9e09c4e167856ab4fa4c224cc2e96,Software Engineering T,11,Software Engineering Advanced (11),False,0.73670798
28024,data/courses/.files/2025/course-28024.yml,e2d1c809f554e92833cd708db28659e3e56c8b2cd170c698510e41ed1a30aa25,Computer Networks T,3,Informatics Informatic Humanities (3),False,0.71519225
28027,data/courses/.files/2025/course-28027.yml,517c64d3c2a530818404be3131673775c455a3773f09d4db23e6294449cdbc11,Information Systems T,6,Bases Data Database (6),False,0.70567510
28040,data/courses/.files/2025/course-28040.yml,737093029c2c09f08590a1fe8bc6a7e2be9a73313d4452ade2c76d835985c84c,Information Technology,5,Informatics Principles Foundations (5),False,0.70438938
28106,data/courses/.files/2025/course-28106.yml,0976a4536bf53201ee252b11b9b8ab3bb810d9c7f5827e222d8b219c1663c4df,Computer Science for Environmental Sciences,3,Informatics Informatic Humanities (3),False,0.71918253
28623,data/courses/.files/2025/course-28623.yml,76a7b9a0a64e93496de2f40489bca69333e1f83669c371b1bdafcc6267dd1d1d,Foundations of Informatics and Laboratory,5,Informatics Principles Foundations (5),False,0.84314439
28652,data/courses/.files/2025/course-28652.yml,c262c934b5d36022afa1b600d5f02b6e66145bbc51f21c08f4d9dedde694b995,IT Systems T-1,3,Informatics Informatic Humanities (3),False,0.68597215
28659,data/courses/.files/2025/course-28659.yml,83d395633f95877fe091825f0f5c3731c76369e2adaa6f283d25749a9605745e,Web Technologies T,8,Web Technologies Technology (8),False,0.66969821
28796,data/courses/.files/2025/course-28796.yml,9f4869c6200dfaf33fac95d59230800361842e2a4b045510bfc7f12b0cf8b283,Elements of Databases,6,Bases Data Database (6),False,0.81410649
29227-A,data/courses/.files/2025/course-29227-A.yml,3c0996a66bfbebe364cc1090f67c74668c592616f848a16087dc16b4c01e38d1,Foundations of Informatics T,5,Informatics Principles Foundations (5),False,0.73985972
29227-B,data/courses/.files/2025/course-29227-B.yml,02c9b23df256317fa48623e0ace4c01addcfe7bf4f00ed76384a5298110fda1e,Foundations of Informatics T,5,Informatics Principles Foundations (5),False,0.72618738
29227,data/courses/.files/2025/course-29227.yml,7f079a228a8403ca1bc5881a37f31cd9d51aed006ca774ed8cad9e41c25fe6dd,Foundations of Informatics T,5,Informatics Principles Foundations (5),False,0.79479811
30376,data/courses/.files/2025/course-30376.yml,305f8cac4b449e65f6ed0d4bce56cb905dac92c3025e3463ac988e433fd4b194,Business Intelligence,6,Bases Data Database (6),False,0.70260896
37085,data/courses/.files/2025/course-37085.yml,55e9a89b5979c0b0c0b4e7eefe1a6485b07e21b3cd3fbc31f7f79025ed659441,"Principles, Models and Applications for Distributed Systems M",3,Informatics Informatic Humanities (3),False,0.54331231
37262,data/courses/.files/2025/course-37262.yml,7414410f4fc3816a46d7d413541dde81167656451ca0c8609fad3eb6079bf3e2,Computer Programming,5,Informatics Principles Foundations (5),False,0.77670803
37635,data/courses/.files/2025/course-37635.yml,bf715f1467f07b9cd1f90c33936f97380b2c796c3e77a4921b252bb98b519fd5,Data Structure and Algorithms,5,Informatics Principles Foundations (5),False,0.73554060
37760,data/courses/.files/2025/course-37760.yml,248e9f06b62c07939c62da543e939d0455c77598057ac7a5922c66e2d784af2f,Systems Simulation,28,Systems Simulation Real-Time (28),False,1.00000000
37925,data/courses/.files/2025/course-37925.yml,3b17e695bc91390509f16fce7d050160844ad4877e32945957c3a76a9a405ab5,Virtual System Design,14,Virtual Reality Design (14),False,1.00000000
39176,data/courses/.files/2025/course-39176.yml,9adcfe4541019f48fe989d6b85a784c646f007a02b263b0597c5a6095ead7f5a,Basic and Laboratory Informatics,3,Informatics Informatic Humanities (3),False,0.74058321
40720,data/courses/.files/2025/course-40720.yml,0812957182a08a2b7b7a9a2f12201fae6020ef77c0689e1a5f69b6768eee6e80,Data Mining,6,Bases Data Database (6),False,0.73125223
41169,data/courses/.files/2025/course-41169.yml,e5b04f6145f0ebf75f5f7295dd29b851117d2fdf387afd81d95fef53040eaa1e,Theoretical Computer Science,5,Informatics Principles Foundations (5),False,0.70443467
41588,data/courses/.files/2025/course-41588.yml,f3a03d038919195e625e0d909b47c8b42905afef73fa246661cc662a60d6f9c9,INTRODUZIONE ALL'ANALISI DEI DATI,5,Informatics Principles Foundations (5),False,0.61591178
41731-A,data/courses/.files/2025/course-41731-A.yml,2069f14c413b599cb05dd0d5d1228a1609d37d2c56d882decaeee356c3611a06,Web-related Technologies,8,Web Technologies Technology (8),False,0.69508024
41731,data/courses/.files/2025/course-41731.yml,a2232433893cc6bffaaaec837aca983d9152c3aae6169d42b1576498bebfe82f,Web-related Technologies,8,Web Technologies Technology (8),False,0.84160215
42500,data/courses/.files/2025/course-42500.yml,a19b936e70f37f9052cbe148e2521644376aca5f5863442f38fef457b07464b3,Semantic Web,13,Cultural Heritage Data (13),False,0.60468601
47240,data/courses/.files/2025/course-47240.yml,098937c039d5de10c0796329c012c69205f191facab86c46f095704bdb82f482,Web Systems Engineering,8,Web Technologies Technology (8),False,0.59545625
48693-A,data/courses/.files/2025/course-48693-A.yml,bb032fb826408faa88c5576beb14e97f76078a6b74fa281020ab8b67b8942516,Computer Science for Cultural Heritage,13,Cultural Heritage Data (13),False,0.84458985
48693,data/courses/.files/2025/course-48693.yml,c5fa8759da40556f003608c4d82099bed409879dbe581502e5e51dcba131efa3,Computer Science for Cultural Heritage,13,Cultural Heritage Data (13),False,0.59841972
57828,data/courses/.files/2025/course-57828.yml,86ce3a69382f3ea3f4302ba88e67b60fa0afca76fa611d0018b14dafc376b091,Informatics,3,Informatics Informatic Humanities (3),False,1.00000000
58348,data/courses/.files/2025/course-58348.yml,fd87c1029a4fd93ae1ae71669b98b32a37363a569accfd1f07318b19e0b8c294,Lab-based Course on Operating Systems,17,Course Lab-Based Operating (17),False,1.00000000
58423,data/courses/.files/2025/course-58423.yml,7ff7c181f29e6d4ff7000497571199eca4ecffe6e214081d603887326112a7a3,Internet Architecture,3,Informatics Informatic Humanities (3),False,0.57285080
58437,data/courses/.files/2025/course-58437.yml,9b66f6779d062437dd82d7b99bf4ad05909cee50026d9700b98682f0a8c95c64,Parallel Calculus,5,Informatics Principles Foundations (5),False,0.58362610
60348,data/courses/.files/2025/course-60348.yml,c777f26203c8d4c90a40251ebc72de13c3d7e71c9f3e0dfc10f70a5d5eed2214,Informatics,5,Informatics Principles Foundations (5),False,0.71938372
65094,data/courses/.files/2025/course-65094.yml,3593d09f0bdc14ef7a61eceb1d9dafe187dcdf0cb00de24dc30671dc7eccd63f,ADVANCED PROGRAMMING,5,Informatics Principles Foundations (5),False,0.64857536
66857,data/courses/.files/2025/course-66857.yml,709993698b974b536d2baf8d91d60d25dc93b3a9311e31c40796a01a49fbc790,Logic for Computer Science,5,Informatics Principles Foundations (5),False,0.61699172
66858,data/courses/.files/2025/course-66858.yml,b3ece9c36210778ba42e97ec27bd7ad2dc6fa91644881ef0856302372edfc8a7,Software Engineering,11,Software Engineering Advanced (11),False,0.76622969
66860,data/courses/.files/2025/course-66860.yml,91e56a04084b6a153933ad10ebbed69da6a124ca1d1d67593ecbba442159a87b,Mobile Applications Laboratory,21,Mobile Applications Laboratory (21),False,1.00000000
66870,data/courses/.files/2025/course-66870.yml,fda01a6c386260bf856a4a74e63b605ee1ebf713275cd9b8d8691d00c1b46070,Concurrent Models and Systems,18,Programming Concurrent Distributed (18),False,0.61581932
69259,data/courses/.files/2025/course-69259.yml,f16c36879c54965ff43948929897fd3939d3b20889ecef569534145b7b1af2cd,Computer Science,5,Informatics Principles Foundations (5),False,0.61237825
69430,data/courses/.files/2025/course-69430.yml,6c9a88c3ae0ca7e3699b4595d65246f5aa9d72a3a40ddd07de0a7fd45ef6f457,COMPUTER ARCHITECTURES M,12,Architecture Computer Operating (12),False,0.64385865
69661,data/courses/.files/2025/course-69661.yml,0188675b5b9607df4ad55a930ec667cd49d537454632b5fa3586de620d50f8a1,Image Processing And Computer Vision M,10,Computer Vision Image (10),False,0.75386862
69731,data/courses/.files/2025/course-69731.yml,a0f17bb2f47123aa8a2de31ddaadd0ddb24bf5ba07f76fb40a981eb91edce2f1,Computer Architecture,12,Architecture Computer Operating (12),False,0.71762444
69867,data/courses/.files/2025/course-69867.yml,da75968647dd2b7f03cdb278609aa6c6052d83cbcde6abebf93e7786ce1d81cd,Web Services and Applications,8,Web Technologies Technology (8),False,0.63645813
70155,data/courses/.files/2025/course-70155.yml,65852d28335bff2dad5936010d2cea384052a8bcc7c6b1757a08481b8bf5ec45,Data Bases,6,Bases Data Database (6),False,1.00000000
70210,data/courses/.files/2025/course-70210.yml,dbf2a951ec24771ffaa340deaffe1d26e47dacc19aacd8446044e51f608ebb76,Lab-based Course on Computer Graphics,10,Computer Vision Image (10),False,0.65687249
70219,data/courses/.files/2025/course-70219.yml,267d588aea0444572e38a98a5656a666309669e14f4f4f1e450d1d4efab66a25,Object-Oriented Programming,11,Software Engineering Advanced (11),False,0.66268158
70226,data/courses/.files/2025/course-70226.yml,85a250d0032dd4064cc378702c398743f6fe0949f659d6bfab35423b27f46d2f,Network Programming,3,Informatics Informatic Humanities (3),False,0.61634536
72671,data/courses/.files/2025/course-72671.yml,208bbb163c1c2ded62864bbeb82cd29e1f9f9b3f8f551dd323c1e0d7a25c1b1a,Complements of Programming Languages,11,Software Engineering Advanced (11),False,0.54942566
72778,data/courses/.files/2025/course-72778.yml,27706523b0db5fa240495a026aeb438fd75994e8bdf0c88657b5b65adaf7e241,High-Performance Computing,5,Informatics Principles Foundations (5),False,0.64138554
72787,data/courses/.files/2025/course-72787.yml,00f9f37b37ff8b168a083d5c7c760d9d3ddebbe99e57fde4641edcf6c6302eba,Mobile Application Programming,21,Mobile Applications Laboratory (21),False,0.78071510
72796,data/courses/.files/2025/course-72796.yml,8f16d25924e93ce8d0e96820190af780d6c5db221222bb9b146a3e264adb8a92,Data Intensive Applications,6,Bases Data Database (6),False,0.61572894
72938,data/courses/.files/2025/course-72938.yml,88c45af5e7b1a9b071555862da46fbe863b2edd04f81c3a30b8a781b77eeaff8,Foundations Of Artificial Intelligence T,5,Informatics Principles Foundations (5),False,0.61940258
72939,data/courses/.files/2025/course-72939.yml,e5f1c83ac9a54d43a77bc769064b3e083b4aa7d83abc9290fbf97ac7614f2565,Software Systems Engineering M,11,Software Engineering Advanced (11),False,0.66747955
72940,data/courses/.files/2025/course-72940.yml,afb0ad7c79e87506415d924a3ac293f05498dd4d18c3c2e0dfa96012ece04873,Computational Models And Languages M,5,Informatics Principles Foundations (5),False,0.73144708
72942,data/courses/.files/2025/course-72942.yml,df2e5c7281fdb1face436f97a0cbdda1fe4a113b387d852d9b65df9f8c64d2ff,Information Security M,22,Security Information Cryptography (22),False,1.00000000
72945,data/courses/.files/2025/course-72945.yml,a14b3aab94fdf8bb4f8c5efaa45cd7a30d7e4e9302d7a5f19795a2feca3c3904,Real-Time Systems M,28,Systems Simulation Real-Time (28),False,0.60521840
73025,data/courses/.files/2025/course-73025.yml,46e5830d66c2862b1d87fd94c9e8f2497a2aee885c489873f7f27f1122a8219c,Distributed Systems M,3,Informatics Informatic Humanities (3),False,0.65068025
73149,data/courses/.files/2025/course-73149.yml,a10c55311c29cc941a00f7a67b8d9e41580b31be67162be099c9d949e19ef328,Logic for Informatics,5,Informatics Principles Foundations (5),False,0.66732151
73273,data/courses/.files/2025/course-73273.yml,47e5bd20bb90b4c1571186a2bc02eca06d07db6df865676be41c9a88cc671617,Informatic Tecnologies for Fashion,1,Fashion Technologies Immersive (1),False,0.67123595
73302,data/courses/.files/2025/course-73302.yml,4a20229d7498c1ce93dee2f2232e2ad681c24b73c3694db7c5b1d002f5bb39d5,Computer Vision And Image Processing M,10,Computer Vision Image (10),False,0.78155684
73435,data/courses/.files/2025/course-73435.yml,1344c657417c07347832a32387ac80083ead4d78b2599334fae0236f1d1ca3c7,Project Management,24,Management Project Digital (24),False,1.00000000
75198,data/courses/.files/2025/course-75198.yml,8c217a81ae20279e4ed04764c67974bd6509a37fd35e9a1add8ce21d75b90b70,Health Information Processing Systems,3,Informatics Informatic Humanities (3),False,0.59810939
75835,data/courses/.files/2025/course-75835.yml,33ecd346c0139067d1a2b78ca55ea9d83b8ad1778f7586c14cf9408c7f9b7968,Web Technologies,8,Web Technologies Technology (8),False,0.83747460
75969,data/courses/.files/2025/course-75969.yml,0d88ae75422fbf7aa826e8f49fb9cbe85dabc7f824c6f4e0ae13c13e7ff3168d,Basic Informatics,5,Informatics Principles Foundations (5),False,0.69450451
76011,data/courses/.files/2025/course-76011.yml,4ccdfc7c2f0ab8f77303f29106d170b43c96bc71b00916b986f3fc7eaf2e7555,Multimedia Technologies in Archaelogy,13,Cultural Heritage Data (13),False,0.60724231
77780,data/courses/.files/2025/course-77780.yml,7af28b905fdfa9c7a31aed4e293b85a3797b1e1fe0ce95766bf2096c6d1d5701,Embedded Systems Programming and Internet of Things,3,Informatics Informatic Humanities (3),False,0.59865720
77933,data/courses/.files/2025/course-77933.yml,323075813ad97adf73408450c93b7b4428a2b33d54b0ba2ebc867801c594c43e,Multimedia Data Management M,6,Bases Data Database (6),False,0.67549590
78096,data/courses/.files/2025/course-78096.yml,c73a030fc036c47b1f182065346e0c3d0fe389d357bbe2397791ed92bcc5274d,Multimedia Data Management M,6,Bases Data Database (6),False,0.60174089
78510,data/courses/.files/2025/course-78510.yml,6cbe818b45697a45217728d82b53a405a5ce6134f4c8895b15b59e330573d784,Informatics,3,Informatics Informatic Humanities (3),False,0.75031243
78778,data/courses/.files/2025/course-78778.yml,0d1b5eb92ecad7fcbf3dd3e8cd44bc9e9caf066fd78d742ede1b49c0564e37e5,Intelligent Systems M,5,Informatics Principles Foundations (5),False,0.63009464
78779,data/courses/.files/2025/course-78779.yml,e72c6b49843677fbd1a3b0f13b95b6f757f635a896510f4c9c95c5e2940046e6,Mobile Systems M,3,Informatics Informatic Humanities (3),False,0.61000131
78810,data/courses/.files/2025/course-78810.yml,fe34cad199ac14debc1540a0386867921ee624c7f6e8c83e60439bf647172f80,Real Time Systems for Automation M,5,Informatics Principles Foundations (5),False,0.52062254
79194,data/courses/.files/2025/course-79194.yml,994875abb58d55065e4837bfd5c93f918abf6404991103f7f8e838d3326c725d,Databases,6,Bases Data Database (6),False,0.84591220
81609,data/courses/.files/2025/course-81609.yml,7de6515d2c57b3ed24a3e100b9e61fde5136d684cf9a35ae0a1dd85e807fb1c2,"Languages, Compilers and Computational Models",5,Informatics Principles Foundations (5),False,0.68414212
81610,data/courses/.files/2025/course-81610.yml,37c38e3c3243e90c44e9e236f2b2c4ff7b55d9980f77f17e1f1ebf05ec9130cd,Machine Learning,5,Informatics Principles Foundations (5),False,0.47618689
81612,data/courses/.files/2025/course-81612.yml,99e48b0254d6ca2a2d331ad9f89e431fc3f44809974b579192fc69dedccd28ad,Programming and Development paradigms,11,Software Engineering Advanced (11),False,0.74740156
81672,data/courses/.files/2025/course-81672.yml,499d18d04dcfe58ee3bc07c911b9c528b37a30b9757cfdf0cf1c577d474156ad,Emerging Programming Paradigms,11,Software Engineering Advanced (11),False,0.51346540
81676,data/courses/.files/2025/course-81676.yml,37fceac0d70c50ee8526b6ad3c1bbacdb35a7aa457ed2afdfcc6b2f57c86e6b4,Digital Forensic,19,Digital Forensic (19),False,1.00000000
81678,data/courses/.files/2025/course-81678.yml,344c8681a9e52708907761e6eefe97f1d1e640fa3369d0ac2525c8c287224a3a,Laboratory of Making,3,Informatics Informatic Humanities (3),False,0.55927270
81683,data/courses/.files/2025/course-81683.yml,1f08d592555dc4527a310148caa180523e5b2056e735da67bdc8edaeb77394fd,Internet of Things,3,Informatics Informatic Humanities (3),False,0.69273744
81917,data/courses/.files/2025/course-81917.yml,0738110546d412815b507667f358e5c57845893d4a2f4fd4f56f721dfcd0ea55,Interaction Multimedia Services,4,Smart Systems Vehicular (4),False,0.57011364
81932,data/courses/.files/2025/course-81932.yml,e97e0da07a9a395d42c90dc541fcbe8d8491840673804a82937d24acd49fc035,Big Data,6,Bases Data Database (6),False,0.76635664
81934,data/courses/.files/2025/course-81934.yml,0ecc5a798f2def305bc6cddadb1fbcf822dd4acfd2759ab0725e89af94681561,HUMAN COMPUTER INTERACTION,8,Web Technologies Technology (8),False,0.67414562
81940,data/courses/.files/2025/course-81940.yml,f8d4f55926ae2815c06432581d1e415460f48360b04e07f09d6be1b70dfeb730,Artificial Intelligence,5,Informatics Principles Foundations (5),False,0.70934785
81942,data/courses/.files/2025/course-81942.yml,b297188f874304f87783ca0538194f2d0fedae67f86f9dc852c417dc08359f31,Scalable and Cloud Programming,18,Programming Concurrent Distributed (18),False,0.66626247
82202-A,data/courses/.files/2025/course-82202-A.yml,136343ee58b9586f3c137ecad67f0e24240ae893ae7f9fcfedd79b190c5cd725,Informatic,3,Informatics Informatic Humanities (3),False,0.77048220
82202,data/courses/.files/2025/course-82202.yml,d1b90200ccec2df1ae131893af20b87c50ceaf3d1b0255c77351b080e3276cd1,Informatic,3,Informatics Informatic Humanities (3),False,0.78584684
84339,data/courses/.files/2025/course-84339.yml,7081f44c3a9dbbaa32d1434f9f0850b2aef326e7d242887f0291a4342e0fd133,Advanced Database Systems,6,Bases Data Database (6),False,0.76930354
84401,data/courses/.files/2025/course-84401.yml,caf43be5ca2afdd7088ee49f545e2455fe6d7ae5c0120b96c12068a3ee1c4c2c,Context-Aware Systems,3,Informatics Informatic Humanities (3),False,0.67581264
84530,data/courses/.files/2025/course-84530.yml,47c7fc038c132b1682da7da88b93da8c72b47f3c9ee10c03ed130a0b9352ab98,Database and Big Data Technologies M,6,Bases Data Database (6),False,0.69550077
84531,data/courses/.files/2025/course-84531.yml,15ffc8d2c0029ca0b20c89c876afb73f0b36d21049fbd102e48bc7713c09a8c3,Infrastructures For Cloud Computing and Big Data M,3,Informatics Informatic Humanities (3),False,0.66568533
85189,data/courses/.files/2025/course-85189.yml,11ce525905fce85fc899aeed8a86dfb21db9adee91df8f45599abaf839770d31,Systems and Algorithms for Data Science,5,Informatics Principles Foundations (5),False,0.65366756
85285,data/courses/.files/2025/course-85285.yml,0ff7c8915e909cd3104ede2f9e2ed44a08ecb9a0bf55fc8c534f316eff7b3da9,Programming,5,Informatics Principles Foundations (5),False,0.69913071
85301,data/courses/.files/2025/course-85301.yml,321d426b819ebe2c8ecaca80b25f5ff1c9b05f66ee94e4c5f3988b16c231d876,Algorithms and Data Structures in Biology,5,Informatics Principles Foundations (5),False,0.65414409
85445,data/courses/.files/2025/course-85445.yml,68640c9c464a0ef82d618df96ddca417c6418b6003110aabd77ebe102be91e40,Information Modelling and Web Technologies,8,Web Technologies Technology (8),False,0.85969372
85446,data/courses/.files/2025/course-85446.yml,33e22b25d433db4b75e555573b6a14a977a1424b5daaa144ad5488f78e8ef92e,Knowledge Representation and Extraction,13,Cultural Heritage Data (13),False,0.59036510
85573,data/courses/.files/2025/course-85573.yml,430f2fc72ef11d147e2a85d6bfbe4cdf052107e4c56cf47cbdbd61dca136f10f,Usability and User Experience,8,Web Technologies Technology (8),False,0.68701736
85728,data/courses/.files/2025/course-85728.yml,ae33f03bbc92f85400936d03bc9d1f1156709bfc88fb8f2565fbdddf4be197ef,Real Time OS M,12,Architecture Computer Operating (12),False,0.61291629
87469,data/courses/.files/2025/course-87469.yml,287ac41b0781a661df57e6d5554d3b97a1a5d5d7a05a0cf13043c7c2561d1f14,Decision Making with Constraint Programming,5,Informatics Principles Foundations (5),False,0.58789446
87474,data/courses/.files/2025/course-87474.yml,9969b449d3c2db30a8ffac758247f44f49d378e36c87218c972c50a19bcd7d57,Distributed Systems,3,Informatics Informatic Humanities (3),False,0.58579712
87898,data/courses/.files/2025/course-87898.yml,68d8a0e7dcb6df6a1904c118b38a886ae33140150d5d36464bb9a88b5eb3b6ce,Methods and Technologies for Interpreting,0,Language Natural Processing (0),False,0.62650595
87901,data/courses/.files/2025/course-87901.yml,9c604a1dadf56700f8e0de5e549e3e2d01d3682b672c3c29c9f4ba76fedf8c7d,Methods and Advanced Technologies for Interpreting,0,Language Natural Processing (0),False,0.60272427
88016,data/courses/.files/2025/course-88016.yml,7ef0274b9f914936f9804999dff3aea97dae5333ef3f2c9294ec6702f1a96ddd,Statistics,2,Statistics Data Human (2),False,1.00000000
88145,data/courses/.files/2025/course-88145.yml,67f55bd5d8513112d8ab8f7784af539589aaaf231cfb0bf355faeb556f49d375,Fundamentals of Computer Programming P1,5,Informatics Principles Foundations (5),False,0.76179218
88146,data/courses/.files/2025/course-88146.yml,872ea019c344aa47a139e409cf71549b98bae258d163c8a51d16e62179b7a638,Fundamentals of Computer Programming P2,12,Architecture Computer Operating (12),False,0.63661920
88155,data/courses/.files/2025/course-88155.yml,e1bb994718a83374d436c2167840153504766bb247406553ed62f4e0c983ceee,Industrial Informatics P,5,Informatics Principles Foundations (5),False,0.59566296
88202,data/courses/.files/2025/course-88202.yml,a291150ed55ae81997e9e6e3dec25607b416f2537d84a2a5332bc164907ae472,Machine Learning,5,Informatics Principles Foundations (5),False,0.47618689
88324,data/courses/.files/2025/course-88324.yml,e397b7a9424ea2698b9637e240b5807df1d048c508b760e03dc54abdc02f9266,System Administration T,3,Informatics Informatic Humanities (3),False,0.70435046
88325,data/courses/.files/2025/course-88325.yml,f32f52459890f5a5c3635bbe7983ae9831b22341324f654e3432b9add670be83,Computer and Network Security Lab T,22,Security Information Cryptography (22),False,0.76440989
88566,data/courses/.files/2025/course-88566.yml,fba7a8c3c3a5ff37dbfb5009fdec27922db6662d26e584b0b98fe3004ce5ebd2,Web Technology,8,Web Technologies Technology (8),False,1.00000000
89988,data/courses/.files/2025/course-89988.yml,0efd80933a2f4b21824b013b702f7d03ce0b1fb35d20a4706367db8a7adb0815,Elements of Informatics,5,Informatics Principles Foundations (5),False,0.73327296
90074,data/courses/.files/2025/course-90074.yml,1d81934515cbf1191076efe88b63d3752e56548f527d5f15642cf75382df48ff,Smart Vehicular Systems,4,Smart Systems Vehicular (4),False,1.00000000
90106,data/courses/.files/2025/course-90106.yml,b82b67c505d22e7f20d2fbb2a9e2310905f54ec09b0bf26691cfdc7608934e52,Software Engineering,11,Software Engineering Advanced (11),False,0.78927158
90107,data/courses/.files/2025/course-90107.yml,ee6de4338d9b602caf15f985680a465b78bf76c49137965bddf066ca4bba9d0d,BASI DI DATI,6,Bases Data Database (6),False,0.82285311
90147,data/courses/.files/2025/course-90147.yml,9e2c136f91676010dd85a7923ecb1f73269ca3ef88f4c8478ee2bb50c5ce7ece,Artificial intelligence,5,Informatics Principles Foundations (5),False,0.64463303
90157,data/courses/.files/2025/course-90157.yml,7ca750db0e4901a8738f8a81db8abc05307f8a705705461556570d7fd9594f1a,Open Science,15,Open Science (15),False,1.00000000
90477,data/courses/.files/2025/course-90477.yml,0e1318a61cf0d273db8b18e5c566d567bc6eddd7c5d97cc84878460bf85dda79,Machine Learning Systems For Data Science,5,Informatics Principles Foundations (5),False,0.63519359
90720,data/courses/.files/2025/course-90720.yml,0ff5d281a1e02b46d4752c478aa0181f366ad621a7d2d176c726a5d3d50579b1,Usability & User Experience Design,8,Web Technologies Technology (8),False,0.68711943
90730,data/courses/.files/2025/course-90730.yml,eed15fced776b3007b41b83ff4657fdbe3ff35feb4ffb8fcff020e50777c7ca2,Social Network Analysis,3,Informatics Informatic Humanities (3),False,0.62424869
90748,data/courses/.files/2025/course-90748.yml,39257b09b1ed6cb01cb5c48ed8716498bcf193a2db2a1fc2a9e4a6f6e3649f08,Blockchain and Cryptocurrencies,29,Blockchain Cryptocurrencies (29),False,1.00000000
90749,data/courses/.files/2025/course-90749.yml,f45c0b2b171d6c9f5692f8e36a233e4668e74842907eebd542b9b09543658a25,Computing Education,5,Informatics Principles Foundations (5),False,0.71207187
90864,data/courses/.files/2025/course-90864.yml,83b8c82299f432a5e54e305bed00742f540242c8398a5e828f27f5103e5aadd2,Elements of Computer Technologies for Fashion E-Commerce,1,Fashion Technologies Immersive (1),False,0.68082838
91161,data/courses/.files/2025/course-91161.yml,f3cd634d8a4b7bf3464a4869b86d337634e1667eca06928d0dc5b1f931479e1f,"Networks, Security And Data Bases",3,Informatics Informatic Humanities (3),False,0.68700861
91248,data/courses/.files/2025/course-91248.yml,1d3e552ca9ee339c980b634e7e830c318a5e3aa844d51d8f7d04f7c832b10451,Fundamentals of Artificial Intelligence and Knowledge Representation,5,Informatics Principles Foundations (5),False,0.66212962
91250-A,data/courses/.files/2025/course-91250-A.yml,362f0d7f5de5b10adb387550ec8194aba3eb949cfe88fbd772e5550eb0a3396b,Deep Learning,5,Informatics Principles Foundations (5),False,0.57534071
91250-B,data/courses/.files/2025/course-91250-B.yml,14eb9b339f3e6c1603a2e9f06d9a89c257be96f842257d8c66179dd4724aafa9,Deep Learning,5,Informatics Principles Foundations (5),False,0.49885682
91250,data/courses/.files/2025/course-91250.yml,a6e60d3261aa6d3e39afeec7c23eb55116ebe74a8a20e3f34077f7033413afca,DEEP LEARNING,5,Informatics Principles Foundations (5),False,0.53418969
91254,data/courses/.files/2025/course-91254.yml,9d44bd457964c475f58bf78e87579fbd0df831ca9f5cdbdbfb5233dea6581a26,Image Processing and Computer Vision,10,Computer Vision Image (10),False,1.00000000
91258-A,data/courses/.files/2025/course-91258-A.yml,4ecb1fbfe50e60c425cc7082a33389be74800af9fe82200abd5df0b9432244bf,Natural Language Processing,0,Language Natural Processing (0),False,0.75873719
91258-B,data/courses/.files/2025/course-91258-B.yml,16b8b7df5add35cc14a10a3482c8cbc64d8b6b298d93b5b43d1c00ca09aa8346,Natural Language Processing,0,Language Natural Processing (0),False,0.73554198
91258,data/courses/.files/2025/course-91258.yml,ca638498bf51a1afa2e44c625bd3e0d9844e8540b276bf9d503049f6fc3a2075,Natural Language Processing,0,Language Natural Processing (0),False,1.00000000
91259,data/courses/.files/2025/course-91259.yml,2e2d96c09b3e30502b5a33ad27f444936cd60c5b1e598ea8b36accc58e12375b,Architecture and Platforms for Artificial Intelligence,5,Informatics Principles Foundations (5),False,0.63961725
91261,data/courses/.files/2025/course-91261.yml,ca55f10830c7bee33dfa4b078be4b3ac1d3655a5b2ef3e8004758fa2158f175a,Artificial Intelligence in Industry,5,Informatics Principles Foundations (5),False,0.53903476
91264,data/courses/.files/2025/course-91264.yml,7cf67f3b56c206ddc7d29b7bc026774fc044d76b8d8133625c0fa86f5839fb67,User Experience Design,8,Web Technologies Technology (8),False,0.68266180
91265,data/courses/.files/2025/course-91265.yml,cf2692dfe77427fe8fedad222e4b3cdf26636574630e2a1378ad45130eeddfbe,Knowledge Engineering,13,Cultural Heritage Data (13),False,0.58728557
91266,data/courses/.files/2025/course-91266.yml,1a0edbd5a877218bbe3c3e42400ecf84e986649c0958bf57a364552603af78e7,Machine Learning for Computer Vision,5,Informatics Principles Foundations (5),False,0.55614817
91267,data/courses/.files/2025/course-91267.yml,3cda07104bac0c6b5f78db005f79b2b4f7ebc6ec3f767fdcd8460b7c874f68bc,Multi-Agent Systems,5,Informatics Principles Foundations (5),False,0.55655518
91269,data/courses/.files/2025/course-91269.yml,a7cea6d93df17a146a1cfe9511017e72a076427734f3a8b22908951e0e95254c,Multimedia Data Management,6,Bases Data Database (6),False,0.60817228
91411,data/courses/.files/2025/course-91411.yml,2f6d7b395dfbae4331c683562812e558d93452bb73a87984a63643d6d9b420d5,Intelligent Robotic Systems,5,Informatics Principles Foundations (5),False,0.54597487
91602,data/courses/.files/2025/course-91602.yml,2a0d5bee68b2dfe8f5fb4f521e68a686b976c88b706114fde4bb41e7e0726f9d,Computer Architectures,12,Architecture Computer Operating (12),False,0.65666552
91685,data/courses/.files/2025/course-91685.yml,89bda7da1f196b4e541c3f15bf4419bd53b86f740652a49e6a2266bd1b4eefa9,History of Informatics and Computing Systems,5,Informatics Principles Foundations (5),False,0.73403560
91721,data/courses/.files/2025/course-91721.yml,3b18b99be42d071995f8b9a9edda6bc98d3f1ff4685808814c3b44d3fd732a11,Laboratory of Virtual Reality and Advanced Reality,14,Virtual Reality Design (14),False,0.59908821
91762,data/courses/.files/2025/course-91762.yml,63435a0278e77fb27d19d0710ad0f2ea86a09bb75467df3a8fc96188473635d0,Combinatorial Decision Making and Optimization,5,Informatics Principles Foundations (5),False,0.66442858
92858,data/courses/.files/2025/course-92858.yml,eae6609fa967e9d5d94a6d4740aff5e60d3e9fa21f59fa2ae4277292c90f8b68,Autonomous and Adaptive Systems M,5,Informatics Principles Foundations (5),False,0.58739393
93034-A,data/courses/.files/2025/course-93034-A.yml,4383c8681526f5dac9439d5a316f8b5fbd225c6e588db3d95bbf411a88042ff5,Foundations of Computer Science T,5,Informatics Principles Foundations (5),False,0.67567094
93034,data/courses/.files/2025/course-93034.yml,cabe1c8a8a05b5dfcf131d206fd7da1e9a7cfd3a9c129059917620f2361829e4,Foundations of Computer Science T,5,Informatics Principles Foundations (5),False,0.71231682
93315,data/courses/.files/2025/course-93315.yml,e09cbb70fd4c29c7fd49c5ea195b31f8d89b48a1a672098910b003b93be03c77,Computer Networks,3,Informatics Informatic Humanities (3),False,0.61799846
93319,data/courses/.files/2025/course-93319.yml,6244ed55289838b23938e8984556e697d89dc3bc0ef3524bacca3c95af2680c9,INTRODUZIONE ALL'APPRENDIMENTO AUTOMATICO,5,Informatics Principles Foundations (5),False,0.57661581
93333,data/courses/.files/2025/course-93333.yml,1a4817085b4df88e7104aa204753e2804291cef7529fb5ee0de51d8bc1d3bfe1,Programming Lab,5,Informatics Principles Foundations (5),False,0.71289028
93363,data/courses/.files/2025/course-93363.yml,5f6c44dd6420585f18553cf056af89e60de7c64fc80be496492af96c083da2af,Advanced Programming,5,Informatics Principles Foundations (5),False,0.66600085
93379,data/courses/.files/2025/course-93379.yml,ad8c34b06a5c706a641b2c7cd15265ac719d98d38c8593a96eaae36b0d6e22ec,Digital Culture,1,Fashion Technologies Immersive (1),False,0.52684547
93466,data/courses/.files/2025/course-93466.yml,981c69704a66da4d5e60adcfc732a6b186df3a95ba4bbe89fd3f55891be7c28f,FONDAMENTI DI CYBERSECURITY,22,Security Information Cryptography (22),False,0.75822417
93467,data/courses/.files/2025/course-93467.yml,0e2b4c04600ec8e60c1547a5f9da089680b4ddfae2b35daae5214caa4a21f184,Cryptography,22,Security Information Cryptography (22),False,0.77200406
93468,data/courses/.files/2025/course-93468.yml,8faf48249d42f9e5aee9beaa9c01acbe252f3e888e389e2b07f259e60b84e799,Distributed Software Systems,3,Informatics Informatic Humanities (3),False,0.58068192
93469,data/courses/.files/2025/course-93469.yml,1ed29e404f813e85d5d1ca8696d45e3279865d624efbd5fdf2cfbe60cc94cbfa,Human Data Science,2,Statistics Data Human (2),False,0.54083968
93470-A,data/courses/.files/2025/course-93470-A.yml,856e0e39e9ca66b4f08bf2d87786f2b83510250b94cfe75a639ddbf690b8584c,Cybersecurity,22,Security Information Cryptography (22),False,0.70920343
93470,data/courses/.files/2025/course-93470.yml,b002cab9801122390fa56f2683fd0c436a6cda1115a0152e8f2104d5fdff9295,Cybersecurity,22,Security Information Cryptography (22),False,0.75191997
93478,data/courses/.files/2025/course-93478.yml,7d81f4be1f3a6f18f5ff7a473f797f56629ae868ccb67a31414a37da564094f7,COMPUTER VISION,10,Computer Vision Image (10),False,0.88308825
93653,data/courses/.files/2025/course-93653.yml,f91bc86f52d12fa832c1915daf339caaac77ae73525e7398cb66d4dc3816c9b7,Iot And Big Data For Smart Agricultural Systems,6,Bases Data Database (6),False,0.63136513
93669,data/courses/.files/2025/course-93669.yml,bfdd48bd576f65a13b9820a4a19342eb956014982c10d797faa8a905a05e0011,Intelligent Systems Engineering,5,Informatics Principles Foundations (5),False,0.58471998
94442,data/courses/.files/2025/course-94442.yml,9cd00a9cccd614b26632f4edadf269ca7b8c75039422eba7575a720d6051cb36,Design of Web Applications T,8,Web Technologies Technology (8),False,0.67072700
95602,data/courses/.files/2025/course-95602.yml,de580069dd9f715bddecf8616aa4140bb1773b2d35c4eec92d5abb9efcf192e5,Programming and Computer Architectures,5,Informatics Principles Foundations (5),False,0.75808153
95604,data/courses/.files/2025/course-95604.yml,5f516bb388d6bb93803a393310aafa119581681fb2e48dfa82c4c41997238421,Operating Systems and Networks,3,Informatics Informatic Humanities (3),False,0.71081025
95605,data/courses/.files/2025/course-95605.yml,c1866b7a0dc387c60cec0dafddbc2f10df3d57cefce1118b99380ac422baa8f8,Web and Mobile Systems,8,Web Technologies Technology (8),False,0.80394996
95611,data/courses/.files/2025/course-95611.yml,6d0beb4ccae71a6a3a07e18167892e84c0cace23dbf3cbcc5da1a595303dd72f,Database Systems,6,Bases Data Database (6),False,0.79088340
95627,data/courses/.files/2025/course-95627.yml,6486b13e5fa5050d1a7f6342be7ee2c0ef9fa1acb1ecac647de1556cf423216b,Software Engineering,11,Software Engineering Advanced (11),False,0.76171848
95630,data/courses/.files/2025/course-95630.yml,d4ca317079aefc76a749d12dd4c23a92523dc89f7b01e774da853ceacfa4f412,Big Data and Cloud Platforms,6,Bases Data Database (6),False,0.67324792
95631-A,data/courses/.files/2025/course-95631-A.yml,f83b0908440cffa8476ed8d20192b78e8713301492db1a95d1d649ee856dd08a,Machine Learning and Data Mining,6,Bases Data Database (6),False,0.68387356
95631,data/courses/.files/2025/course-95631.yml,30220e79849814a1a82741b0a6e21428dddd5f70d420ba46a9a8902eef11fce3,Machine Learning and Data Mining,6,Bases Data Database (6),False,0.71147122
95632,data/courses/.files/2025/course-95632.yml,ead6f23a36ac1a8b6f5afa8650358d930ef4de6acb1bc6e481e7381050da9e57,Laboratory on Digital Transformation Technologies,24,Management Project Digital (24),False,0.58611305
95638,data/courses/.files/2025/course-95638.yml,7610b27c4456b5a6b0a558520b15b55c22979797dedad04a4770feac7968de50,Operational Analytics,16,Analytics Operational (16),False,1.00000000
95639,data/courses/.files/2025/course-95639.yml,7da69f53c3a68222285e1b8007cf4655056490075155db64ab48551537bd91a0,Industry 4.0,4,Smart Systems Vehicular (4),False,0.59277467
95644,data/courses/.files/2025/course-95644.yml,53639c8f9fa1e551036d5c782e544e0053d3e1803730a7ea11287dce3d0d7140,Computer Networks and Network Programming,3,Informatics Informatic Humanities (3),False,0.63470505
95645,data/courses/.files/2025/course-95645.yml,82f8ddab0283b750127cb3d333fffa281e8f5490d82b8ebbbab66459bca12749,Foundations of Web Systems,8,Web Technologies Technology (8),False,0.77753104
95646,data/courses/.files/2025/course-95646.yml,050ba7f73ffff6219d3ed57b2c5a2dcfdfe2edb7ff81f2cdf7a83f36b6fd4d32,Virtualized Systems,3,Informatics Informatic Humanities (3),False,0.64333321
95648,data/courses/.files/2025/course-95648.yml,d9588579a104bcdad77cbcbd0fec1cc2e21fd663b2aa728a9987d7762dbb14e9,Software Design and Development,11,Software Engineering Advanced (11),False,0.70027135
95782,data/courses/.files/2025/course-95782.yml,dba239991678b25c9ded3b0de12f1624ced24318d220410ff1ef80896e4c2ee2,Network Analysis,3,Informatics Informatic Humanities (3),False,0.60575535
95965,data/courses/.files/2025/course-95965.yml,590552ce6294546913575a2bf7c60049e536b37e3505589fc79a82497169140e,Artificial Intelligence and Machine Learning for Business,6,Bases Data Database (6),False,0.65790670
96007,data/courses/.files/2025/course-96007.yml,ef1c6dcf9fd5ad9d817b5a366c9aafe307a448106afec040c0898504ed3e30d9,Foundations of Computer Architecture and Operating Systems,12,Architecture Computer Operating (12),False,1.00000000
96142,data/courses/.files/2025/course-96142.yml,771841f27ec0f9c9cbf6f64fbc7fe489530d28713c08d28eda9da2261530d434,Business Intelligence and Big Data M,6,Bases Data Database (6),False,0.58212725
96143,data/courses/.files/2025/course-96143.yml,0b19a4d56d36f1e3b2fb48db05f3d0b208355dfc49941c552885cc0c3c2e23a0,Methods and Models for Data Analytics M,6,Bases Data Database (6),False,0.60325954
96346-A,data/courses/.files/2025/course-96346-A.yml,02b2a9918e67784c790f7f0ccb37f512214229660337a55cad48dba786048e97,Informatics,25,Informatics (25),False,1.00000000
96346-B,data/courses/.files/2025/course-96346-B.yml,97b6a6eda444351b9b8b4cbb04445123bec64296ca5cf7d64f00f9d348305f32,Computer Science,3,Informatics Informatic Humanities (3),False,0.70173299
96346,data/courses/.files/2025/course-96346.yml,8da910052a51343f256684b8349cfbe7e86fc12a55a6ff1723a57516b5b43615,INFORMATICA,5,Informatics Principles Foundations (5),False,0.75412489
96642,data/courses/.files/2025/course-96642.yml,9bad49c79481fd86797e96e5ac6e8c4204d9b796825c2468e105cd13af073a29,Virtualization and System Integration,3,Informatics Informatic Humanities (3),False,0.58011301
96725,data/courses/.files/2025/course-96725.yml,f79f9e5e760af41f06461b811580bc1668fa6e605027e7f04597412a407fbc7d,IT and Game Localization,0,Language Natural Processing (0),False,0.51680500
96793,data/courses/.files/2025/course-96793.yml,b4b4e9a0a2bff051042548c1a3930d215bb0d8a43792319f9f6676fe75301585,Information Systems and Database Management,6,Bases Data Database (6),False,0.84712527
96859,data/courses/.files/2025/course-96859.yml,e6ed0183f76e805c9387cfbaf3962df9c44f3699a9e835ca9dbc158db2d12463,Embedded Systems and Internet of Things,3,Informatics Informatic Humanities (3),False,0.58906361
96994,data/courses/.files/2025/course-96994.yml,e33a200a7e3cb6ee7c021d71286c3be9072d6ee3fa54f2124a298e07ec32b541,Smart Vehicular-Systems,4,Smart Systems Vehicular (4),False,0.99945197
96995,data/courses/.files/2025/course-96995.yml,d884cd61358d9aa94f88a728a294f8fefee5c7aae915aa4202d2830dc6b08e01,Programmable Networking,3,Informatics Informatic Humanities (3),False,0.66979733
97431,data/courses/.files/2025/course-97431.yml,3083501a3b2bebf2559051c6de1e5b0d6e71a1840662653c8dc6905e74e5e391,Scalable and Reliable Services M,7,Reliable Scalable Services (7),False,1.00000000
97466,data/courses/.files/2025/course-97466.yml,d647e673aae279fa98748e181d936c4c99a21a7e78131fbd0f73893d52a51789,Digital represention of the Landscape Project,10,Computer Vision Image (10),False,0.62845852
98618,data/courses/.files/2025/course-98618.yml,44b163d37d24fb32afe39df307b4b11b874b43f6823f8d5a3e4acd5728157214,"""Document Digitization Techniques """,13,Cultural Heritage Data (13),False,0.67419102
98671,data/courses/.files/2025/course-98671.yml,7ff6e2b49f6ecfaf6acb809deadc720bbe543dcb7f24b747b5a19c9dbe61b651,Business Analytics,6,Bases Data Database (6),False,0.61894984
98735,data/courses/.files/2025/course-98735.yml,b2c02d73b8f44ee3e3d075c7d16acb6dfd7f33439f3b8e6727c20468135a3d2e,Python Coding and Data Science,5,Informatics Principles Foundations (5),False,0.62041153
98931,data/courses/.files/2025/course-98931.yml,aaf73ee6dc6db76f4247364ca0e44823b43ec77f2c23ef2fe404c43871115172,Fundamentals of Artificial Intelligence,5,Informatics Principles Foundations (5),False,0.66682492
99195,data/courses/.files/2025/course-99195.yml,be39e5d42b80e48b4ec9796b5db72323a64311c716648cbe0c03b213f3fd4d7a,Cyber-Physical Systems Programming M,3,Informatics Informatic Humanities (3),False,0.63103959
B0009,data/courses/.files/2025/course-B0009.yml,c9a18da78c098ed204201a67babf359f77af500e31cf45c5f064aafd98977663,Advanced Software Modelling and Design,11,Software Engineering Advanced (11),False,0.75398897
B0010,data/courses/.files/2025/course-B0010.yml,841b733d04226e726c1ec90da79418c8d1668d641b98f33580395db012bac2c6,Software Architecture and Platforms,11,Software Engineering Advanced (11),False,0.70373154
B0011,data/courses/.files/2025/course-B0011.yml,577a079f92386e7c685a7f81ce66df0cd6665a505b4c8fe5cfec22c4de432e81,Software Process Engineering,11,Software Engineering Advanced (11),False,0.72823241
B0061,data/courses/.files/2025/course-B0061.yml,446f41242f9ac4e15f28d74a45a9d9cb31cdfcfd17daeb1440cf6391536d1e9e,Computer Methods for Digital Transformation,9,Computer Digital Methods (9),False,1.00000000
B0063,data/courses/.files/2025/course-B0063.yml,7b4e3a2a3a36ea30158e2c775db5e347b6f7e73806731066469ec0e5a39ba5fa,Programming Laboratory,5,Informatics Principles Foundations (5),False,0.70971267
B0064,data/courses/.files/2025/course-B0064.yml,a9f5720e13d8344b4f9d0758a4d2a6cbc522ccdc61f26f1cc541c76ce13dc624,Introduction to Data Science and Computational Thinking,5,Informatics Principles Foundations (5),False,0.75421766
B0069,data/courses/.files/2025/course-B0069.yml,a7aef63c5901cb8b2db3c314467e3f830be42112aecd7576a1de9d426fea67af,Artificial Intelligence for Digital Innovation,5,Informatics Principles Foundations (5),False,0.59904185
B0070,data/courses/.files/2025/course-B0070.yml,0b45f103798b356764b3cc55f9ee7448bbf1fd58fad5d961fc82ee7aea96dec6,METODOLOGIE E TECNICHE DI SIMULAZIONE,13,Cultural Heritage Data (13),False,0.55565949
B0073,data/courses/.files/2025/course-B0073.yml,fb7f9c42f83def9aaaee1cd6a65454bd0e6413baa9846b8f4ab2414f288b7ced,ELABORAZIONE DI TESTI E GESTIONE DOCUMENTALE,13,Cultural Heritage Data (13),False,0.64637601
B0074,data/courses/.files/2025/course-B0074.yml,9c2f9676cc391132ae58824276ac015a816acc4ae70fbdbe811b2b9e90a8775d,PIATTAFORME PER LA TRASFORMAZIONE DIGITALE,11,Software Engineering Advanced (11),False,0.60810457
B0385,data/courses/.files/2025/course-B0385.yml,0156daba25e950e8d2820fe5fc508916b319e8a493a11880804c4630aee3ccf6,Natural Language Processing,0,Language Natural Processing (0),False,1.00000000
B0832,data/courses/.files/2025/course-B0832.yml,82a55fa6b0d7b588f0eb73622332bf062eb9194a8f2d1526040e56525d6a513b,Administration of Systems T,3,Informatics Informatic Humanities (3),False,0.58462185
B0833,data/courses/.files/2025/course-B0833.yml,a31ed1e17411bc14a4ae0826c688dad7e46f08ff4bdab7be600490f6c7cdab58,Computer Security Laboratory T,22,Security Information Cryptography (22),False,0.68065613
B1459,data/courses/.files/2025/course-B1459.yml,e2c6c1c1858eb066477c61493b9394469430e32e01095432d9917b863a45c69b,"ARTIFICIAL INTELLIGENCE, BLOCKCHAIN E CRIPTOVALUTE NELLO SVILUPPO SOFTWARE",11,Software Engineering Advanced (11),False,0.62134895
B1703,data/courses/.files/2025/course-B1703.yml,12f7ed1e89cf57e819fa6a2db250e6d621af7791c1b8c8602bc1c530d3779ade,Introduction to Programming,5,Informatics Principles Foundations (5),False,0.67316362
B1873,data/courses/.files/2025/course-B1873.yml,328ad08e484883ebb81bbdc92c6838a1a70b6e353a449e0affdbb6ebdb8d2908,Machine Learning for Humanities,5,Informatics Principles Foundations (5),False,0.56387297
B1874,data/courses/.files/2025/course-B1874.yml,71473fa3413cd5d58f790acd1c213a18f0feef64b3c908e6755fdaf348cbe34f,Project Management and Software Engineering for Cultural Heritage,11,Software Engineering Advanced (11),False,0.74926794
B2125,data/courses/.files/2025/course-B2125.yml,e30409b35e025db70216103ecb1ed434c492331670f39bc7fb4532d73ecd3ddb,Machine Learning and Data Mining M,6,Bases Data Database (6),False,0.70688265
B2133,data/courses/.files/2025/course-B2133.yml,95866277beaea0de5024b55bc27c834068cb79ae7a55f7bb0cafd48f89bc2982,Big Data Analytics and Text Mining,6,Bases Data Database (6),False,0.67067383
B2696,data/courses/.files/2025/course-B2696.yml,edc4e85013157c523aa74b6649c8589cd6b59293db5911145cb309b3200c41f0,"Language, Technology, Research I: Computational Thinking",5,Informatics Principles Foundations (5),False,0.69667795
B3567,data/courses/.files/2025/course-B3567.yml,452a446f87010d8a557583914f91eaf48b1c95af8145cd90f77e07c1380caa93,INTRODUCTION TO QUANTUM COMPUTING,27,Computing Introduction Quantum (27),False,1.00000000
B4826,data/courses/.files/2025/course-B4826.yml,655f10b7cbd14912284aefe7249a71eb69b85a3b382e949d6dd1a3b973de904a,Informatics for the Humanities,3,Informatics Informatic Humanities (3),False,0.80272593
B4913,data/courses/.files/2025/course-B4913.yml,44aca9bb74e5f88432d3ff5c1e375312d1183b5b356bf0e77b89fa870528e288,ALGORITMI E STRUTTURE DATI,5,Informatics Principles Foundations (5),False,0.65084465
B4925,data/courses/.files/2025/course-B4925.yml,d5512699e905be237785278559fcdf841e96202f1fd2ddd178d726cefa7cad7d,IMMERSIVE TECHNOLOGIES FOR FASHION,1,Fashion Technologies Immersive (1),False,1.00000000
B4940,data/courses/.files/2025/course-B4940.yml,d08c80db1f6a25303d1c6d70d97c7d66342b22bf1a1298b50a96e0e2f5ef8ee7,DATA SCIENCE FOR FASHION SYSTEM,1,Fashion Technologies Immersive (1),False,0.78723195
B4948,data/courses/.files/2025/course-B4948.yml,21f7f5c4363ba14caf4a5b25bc675cbd99c805837c7e76fb6b94a8d6c04bde0d,Cognitive Sematics for Artificial Intelligence,23,Artificial Cognitive Intelligence (23),False,1.00000000
B5026,data/courses/.files/2025/course-B5026.yml,72b0b10efc6a10303154b8af3e55f2b0a36ce9e6a35c7c4e30e4fa46d765786d,Introduction to Computability and Complexity,5,Informatics Principles Foundations (5),False,0.65514336
B5059,data/courses/.files/2025/course-B5059.yml,7d3c8738a28e8a7ec263cd9f38e9c68a58206ebb0e1a44be6b60ccf48742a9f5,Interaction Media Design,13,Cultural Heritage Data (13),False,0.63058302
B5079,data/courses/.files/2025/course-B5079.yml,fe9be4645c1c29dd0288b7c87776787d22e9a109fe3d2acaca4b509d18f1e333,Digital Humanities and Data Management for Cultural Heritage,13,Cultural Heritage Data (13),False,1.00000000
B5292,data/courses/.files/2025/course-B5292.yml,9582047591330602d2f17d085beebb9c4469d4c67efed8e773a1935dd8fe4e2c,Knowledge Engeneering for the Humanities,13,Cultural Heritage Data (13),False,0.60942454
B5293,data/courses/.files/2025/course-B5293.yml,6898a5e9b4bf26684f8acfe1d2d1be89d2b977bb3002f384ef28b2a1f2874209,Computer Studies and Humanities,8,Web Technologies Technology (8),False,0.64276508
B5474,data/courses/.files/2025/course-B5474.yml,f2035c420024adc17e1f95ff2b0cf1a2b771e2f952bd3ed9f9a5ec99f5667362,ARCHITETTURE SOFTWARE A MICROSERVIZI,11,Software Engineering Advanced (11),False,0.69951469
B5665,data/courses/.files/2025/course-B5665.yml,23878899b11213fe06726f80d6b99fb34cd4066330c2b2a6045d184ce7aa68f4,Real Time Systems and Programming for Automation M,5,Informatics Principles Foundations (5),False,0.55416638
B5674,data/courses/.files/2025/course-B5674.yml,a150397e7139eb451e8b65da2087986ef83b86a09a53487e5fb2e94967c5b6a8,Management of Digital Media,1,Fashion Technologies Immersive (1),False,0.57991619
B5722,data/courses/.files/2025/course-B5722.yml,aac59f6cea44cdabb5b43f37936663e365e00ebd66721dc9b99f900c6d78933a,Embedded Sensors,3,Informatics Informatic Humanities (3),False,0.57594103
B5727,data/courses/.files/2025/course-B5727.yml,e898ebb97feca96cb31bef7276ea74a345cfdb33e30dccfc727f6703b80f4478,Introduction to Languages for Artificial Intelligence,5,Informatics Principles Foundations (5),False,0.69707959
B5780,data/courses/.files/2025/course-B5780.yml,e86786fac1c01f49482e3222bef270791734783f7c6a018eda67255db0fd7d37,Computational Methods for Bioinformatics,5,Informatics Principles Foundations (5),False,0.62376691
B5782,data/courses/.files/2025/course-B5782.yml,d1167143fbfda74db73e25d7b02b9fcd3be52dee7ef7408e62da202155190903,Algorithms and Data Structures for Computational Biology,5,Informatics Principles Foundations (5),False,0.76906325
B5793,data/courses/.files/2025/course-B5793.yml,ff51b9dbf6f9c5e7a3bd1014d3db6d3f7f813f322dcb484a03ea677985454aa5,Cybersecurity M,22,Security Information Cryptography (22),False,0.71082139
B5796,data/courses/.files/2025/course-B5796.yml,8cfa9219dd7938c21032ee7b023c34d9b26c0a515174820bf99f4c587cb0b40b,Scalable and Reliable Services M,7,Reliable Scalable Services (7),False,1.00000000
B5812,data/courses/.files/2025/course-B5812.yml,08ab81922e4ee914f8913b5f4eabbb33a7996f9397dfd4a9a61de752a5fde96d,Cybersecurity Governance,22,Security Information Cryptography (22),False,0.67783928
B6082,data/courses/.files/2025/course-B6082.yml,6b4364ffab22a7ba42afab6c597836e362d637d63550b0395ee05719115f3611,Technology-Assisted Interpreting I,0,Language Natural Processing (0),False,0.53391272
B8018,data/courses/.files/2025/course-B8018.yml,3aa29b6fec35df7c31d9f118776f3542c9c73a74953ebcbd917d870d944faf8a,DIGITAL HEALTH M,26,Digital Health (26),False,1.00000000
B8019,data/courses/.files/2025/course-B8019.yml,d08c57a79ea381255ab02f0ec3363079f11453140c695d3d445795ed354ac27c,PROGRAMMING THE INTERNET OF THINGS M,3,Informatics Informatic Humanities (3),False,0.65218799
B8105,data/courses/.files/2025/course-B8105.yml,611ad539feaba3970ee70f42e8e0739585dc5842fb047aca5c8a3d51bc3f7761,Computational Management of Data,5,Informatics Principles Foundations (5),False,0.71396117
B8159,data/courses/.files/2025/course-B8159.yml,cd14a7978ad84b1511ea894a6a582eb6786be728fee023a13baad9ad147ac889,INFORMATICA,5,Informatics Principles Foundations (5),False,0.73064814
B8396,data/courses/.files/2025/course-B8396.yml,4fcbe75eba65764e3789c5617b6bb8ab2224d0a515c26be3ec0c79c6515debfc,Basic IT Skills,8,Web Technologies Technology (8),False,0.69386817
B8536,data/courses/.files/2025/course-B8536.yml,eb993cd649831584498b8fa31d9e6b7d9b9ab606f53d6df4fb62a023ed77267a,"Computer-Aided Human Translation: CAT, MT and AI",0,Language Natural Processing (0),False,0.58346057
B8554,data/courses/.files/2025/course-B8554.yml,fd467b0752134178125ef6ab8488ca2636207066f04497ee0950f35928dd3758,SISTEMI SOFTWARE A OGGETTI T,11,Software Engineering Advanced (11),False,0.67893511
B8561,data/courses/.files/2025/course-B8561.yml,820a61fea7a0658288c77588ade60b483a8bd0515db2b567bd9f6a179f356a95,ARCHITETTURE DEI CALCOLATORI M,12,Architecture Computer Operating (12),False,0.59824754
B8562,data/courses/.files/2025/course-B8562.yml,7754d371a4ccfea943b66db5ee6185948982e2e6ab20fe6d9aea8225e08108aa,SISTEMI CONCORRENTI E PARALLELI M,18,Programming Concurrent Distributed (18),False,0.77414408
B8563,data/courses/.files/2025/course-B8563.yml,ab82dc3d640d3f36578fd6bc5f4fee8ac9563d99bdfd392a9a49553c0b1b4930,SISTEMI DI ELABORAZIONE ACCELERATA M,12,Architecture Computer Operating (12),False,0.56176015
B8603,data/courses/.files/2025/course-B8603.yml,930ef0189b71eed659d8f15a6e47477fa66a6aa3a93b57ed36df41d2ac8ad3b0,Machine Translation and Artificial Intelligence for Language Services,5,Informatics Principles Foundations (5),False,0.51219412
B8836,data/courses/.files/2025/course-B8836.yml,e191f4a75b989273c6015b787b301888b08342833cbca9848c1483be87dad2e1,Universal Semantics,23,Artificial Cognitive Intelligence (23),False,0.64429539
B8905,data/courses/.files/2025/course-B8905.yml,9c80c0e29d65d27ce89aafdef0ae6a64afc8e384fd6d6fc3d73fa15822c9e3e0,Foundations of Programming,5,Informatics Principles Foundations (5),False,0.71694523
B8929,data/courses/.files/2025/course-B8929.yml,a6ebadb8398e989f21e1826c9beae81f8ea3c6d993bab3b40100c8726a85c5fb,Computer Studies and Human Sciences,8,Web Technologies Technology (8),False,0.63923677
B9254,data/courses/.files/2025/course-B9254.yml,8c599ffa5a6386a7506fffa789dd7e709c63de92db48c17c0078dc8ed98dc6ba,Basic IT Skills,8,Web Technologies Technology (8),False,0.59044990
